OrderID,DateKey,ProductKey,RegionKey,ChannelKey,Quantity,DiscountRate,Revenue,Cost,Profit,DeliveryDays,SLACompliant
1,2025-05-18,1,3,3,3,0.0,25100.76,14670.53,10430.23,4,1
2,2024-04-27,21,2,1,4,0.0,5511.44,3517.37,1994.07,2,1
3,2025-01-23,1,1,1,3,0.1,22590.68,13272.78,9317.9,6,0
4,2025-02-28,60,4,1,1,0.0,465.62,358.03,107.59,3,1
5,2025-10-17,47,1,3,4,0.0,5903.72,3644.65,2259.07,4,1
6,2024-08-09,11,2,2,2,0.0,3827.2,2771.61,1055.59,3,1
7,2025-11-19,18,4,2,2,0.05,1937.92,1315.31,622.61,3,1
8,2024-04-14,35,2,1,1,0.05,2245.86,1362.26,883.6,3,1
9,2024-12-06,21,1,3,1,0.15,1171.18,779.09,392.09,3,1
10,2025-02-12,45,2,2,1,0.0,1063.85,777.1,286.75,2,1
